Code,CA-AB,CA-BC,CA-MB,CA-NB,CA-NL,CA-NT,CA-NS,CA-NU,CA-ON,CA-PE,CA-QC,CA-SK,CA-YT
emu1,0,0,0,0,0,0,0,0,0,0,0,0,0
bbwduc,0,0,0,0,0,0,0,0,0,0,0,0,0
fuwduc,0,0,0,0,0,0,0,0,0,0,0,0,0
bahgoo,0,0,0,0,0,0,0,0,0,0,0,0,0
empgoo,0,0,0,0,0,0,0,0,0,0,0,0,0
snogoo,0,14979,0,0,0,0,5,0,41,0,0,0,0
rosgoo,0,0,0,0,0,0,0,0,5,0,0,0,0
sxrgoo1,0,0,0,0,0,0,0,0,0,0,0,0,0
gragoo,0,0,0,0,0,0,0,0,4,0,0,0,0
swagoo1,0,0,0,0,0,0,0,0,0,0,1,0,0
x00776,0,0,0,0,0,0,0,0,1,0,0,0,0
gwfgoo,0,15,0,0,0,0,1,0,12,0,0,0,0
x00627,0,0,0,0,0,0,0,0,0,0,0,0,0
taibeg1,0,0,0,0,0,0,0,0,0,0,0,0,0
tunbeg1,0,0,0,0,0,0,0,0,0,0,0,0,0
pifgoo,0,0,0,0,1,0,1,0,0,0,0,0,0
brant,0,963,0,46,0,0,0,0,0,0,0,0,0
bargoo,0,0,0,0,2,0,0,0,0,0,0,0,0
cacgoo1,3,3184,0,0,0,0,0,0,52,0,0,0,0
x00692,0,0,0,0,0,0,0,0,0,0,0,0,0
x00694,0,0,0,0,0,0,0,0,0,0,0,0,0
x00414,0,0,0,0,0,0,0,0,0,0,0,0,0
cangoo,6260,16580,0,67,395,0,16144,0,81246,1259,841,304,0
swagoo3,0,0,0,0,0,0,0,0,0,0,0,0,0
x00415,0,0,0,0,0,0,0,0,0,0,0,0,0
x00758,0,0,0,0,0,0,0,0,0,0,0,0,0
x00759,0,4,0,0,0,0,0,0,0,0,0,0,0
x00197,0,0,0,0,0,0,0,0,0,0,0,0,0
x00417,0,0,0,0,0,0,0,0,0,0,0,0,0
y00765,0,0,0,0,0,0,0,0,0,0,0,0,0
rebgoo1,0,0,0,0,0,0,0,0,0,0,0,0,0
mutswa,0,23,0,0,2,0,0,0,2557,0,0,0,0
blkswa,0,0,0,0,0,0,0,0,0,0,0,0,0
truswa,22,4009,0,0,0,0,0,0,1897,0,0,0,0
x00832,0,0,0,0,0,0,0,0,0,0,0,0,0
tunswa,11,52,2,0,0,0,0,0,4975,0,0,0,0
whoswa,0,0,0,0,0,0,0,0,0,0,0,0,0
egygoo,0,0,0,0,0,0,0,0,0,0,0,0,0
rudshe,0,0,0,0,0,0,0,0,0,0,0,0,0
soashe1,0,0,0,0,0,0,0,0,0,0,0,0,0
comshe,0,0,0,0,0,0,0,0,0,0,0,0,0
musduc,0,0,0,0,0,0,0,0,3,0,0,0,0
rintea1,0,0,0,0,0,0,0,0,0,0,0,0,0
wooduc,6,707,0,1,3,0,5,0,78,0,9,0,0
manduc,0,0,0,0,0,0,0,0,0,0,0,0,0
x00833,0,0,0,0,0,0,0,0,0,0,0,0,0
baitea,0,0,0,0,0,0,0,0,0,0,0,0,0
gargan,0,0,0,0,0,0,0,0,0,0,0,0,0
buwtea,0,0,0,0,0,0,0,0,1,0,0,0,0
cintea,0,0,0,0,0,0,0,0,0,0,0,0,0
bwxtea1,0,0,0,0,0,0,0,0,0,0,0,0,0
norsho,0,615,0,2,0,0,2,0,82,0,7,0,0
x00629,0,0,0,0,0,0,0,0,0,0,0,0,0
x00630,0,0,0,0,0,0,0,0,0,0,0,0,0
gadwal,1,978,0,5,0,0,6,0,605,31,7,0,0
x00457,0,0,0,0,0,0,0,0,0,0,0,0,0
falduc,0,0,0,0,0,0,0,0,0,0,0,0,0
eurwig,0,273,0,0,15,0,6,0,0,3,0,0,0
amewig,0,18851,0,1,60,0,301,0,187,24,4,0,0
x00724,0,0,0,0,0,0,0,0,0,0,0,0,0
x00421,0,11,0,0,0,0,0,0,0,0,0,0,0
chiwig1,0,0,0,0,0,0,0,0,0,0,0,0,0
mallar3,4663,31034,1183,1473,374,0,5810,0,34896,286,9215,723,3
mdxmal1,0,0,0,0,0,0,0,0,0,0,0,0,0
x00205,0,0,0,0,0,0,0,0,0,0,0,0,0
x00612,0,0,0,0,0,0,0,0,0,0,0,0,0
x00420,2,0,0,0,0,0,0,0,0,0,0,0,0
x00611,0,0,0,0,0,0,0,0,1,0,0,0,0
ambduc,0,0,10,474,1307,0,5787,0,1829,671,4209,0,0
x00004,0,0,0,3,10,0,40,0,65,0,10,0,0
motduc,0,0,0,0,0,0,0,0,0,0,0,0,0
whcpin,0,0,0,0,0,0,0,0,0,0,0,0,0
norpin,0,11571,0,0,71,0,121,0,116,0,5,0,0
x00610,0,0,0,0,0,0,0,0,0,0,0,0,0
x00196,0,0,0,0,0,0,0,0,0,0,0,0,0
x00628,0,3,0,0,0,0,1,0,0,0,1,0,0
gnwtea,13,5880,0,8,41,0,122,0,50,12,11,1,0
x00673,0,0,0,0,0,0,0,0,0,0,0,0,0
x00763,0,0,0,0,0,0,0,0,0,0,0,0,0
x00762,0,0,0,0,0,0,0,0,0,0,0,0,0
x00646,0,0,0,0,0,0,0,0,0,0,0,0,0
x00725,0,0,0,0,0,0,0,0,0,0,0,0,0
martea1,0,0,0,0,0,0,0,0,0,0,0,0,0
recpoc,0,0,0,0,0,0,0,0,0,0,0,0,0
canvas,2,117,0,0,0,0,0,0,28769,0,5,0,0
redhea,140,202,0,0,0,0,7,0,9948,0,0,0,0
x00684,0,0,0,0,0,0,0,0,0,0,0,0,0
compoc,0,0,0,0,0,0,0,0,0,0,0,0,0
rinduc,24,1519,0,25,11,0,68,0,220,0,1,0,0
x00880,0,0,0,0,0,0,0,0,0,0,0,0,0
x00679,0,0,0,0,0,0,0,0,1,0,0,0,0
tufduc,0,1,0,0,53,0,2,0,0,0,0,0,0
x00652,0,0,0,0,0,0,0,0,0,0,0,0,0
gresca,0,5213,0,62,730,0,2714,0,16748,1400,95,0,0
x00680,0,0,0,0,0,0,0,0,0,0,0,0,0
x00779,0,0,0,0,0,0,0,0,0,0,0,0,0
x00654,0,0,0,0,0,0,0,0,0,0,0,0,0
lessca,26,1379,0,1,12,0,317,0,176,4,2,0,0
x00678,1,0,0,0,0,0,0,0,0,0,0,0,0
x00613,0,0,0,0,1,0,0,0,0,0,0,0,0
x00653,0,0,0,0,0,0,0,0,0,0,0,0,0
x00377,0,0,0,0,0,0,0,0,0,0,0,0,0
x00681,0,0,0,0,0,0,0,0,0,0,0,0,0
x00682,0,0,0,0,0,0,0,0,0,0,0,0,0
tdxsca1,0,0,0,0,0,0,0,0,0,0,0,0,0
steeid,0,0,0,0,0,0,0,0,0,0,0,0,0
labduc,0,0,0,0,0,0,0,0,0,0,0,0,0
speeid,0,0,0,0,0,0,0,0,0,0,0,0,0
kineid,0,0,0,0,1,0,0,0,2,0,0,0,0
comeid,0,0,0,1068,512,0,403,0,0,280,1253,0,0
x00665,0,0,0,0,0,0,0,0,0,0,0,0,0
harduc,4,851,0,53,5,0,178,0,23,0,12,0,0
sursco,0,15023,0,126,5,0,394,0,216,0,1,0,0
whwsco2,0,1271,0,74,14,0,149,0,5881,0,9,0,0
blksco1,0,0,0,0,0,0,0,0,0,0,0,0,0
blksco2,0,193,0,18,4,0,141,0,109,85,2,0,0
lotduc,0,421,0,940,263,0,539,0,33161,500,569,0,0
buffle,355,7074,0,235,76,0,1004,0,2334,0,62,3,0
comgol,1580,3200,6,270,264,0,1614,0,15634,166,2318,74,4
x00655,0,0,0,0,0,0,0,0,0,0,0,0,0
x00909,0,0,0,0,0,0,0,0,0,0,0,0,0
bargol,32,4444,0,21,10,0,107,0,15,53,1365,0,0
cxbgol1,0,0,0,0,0,0,2,0,1,0,0,0,0
smew,0,0,0,0,0,0,0,0,0,0,0,0,0
hoomer,13,1008,0,5,0,0,537,0,772,5,138,0,0
x00202,0,0,0,0,0,0,0,0,0,0,0,0,0
x00424,0,0,0,0,0,0,0,0,0,0,0,0,0
x00425,0,0,0,0,0,0,0,0,5,0,0,0,0
x00426,0,0,0,0,0,0,0,0,0,0,0,0,0
x00631,0,0,0,0,0,0,0,0,0,0,0,0,0
commer,272,2544,0,57,125,0,2150,0,15186,261,1252,7,2
rebmer,0,1985,0,152,278,0,872,0,4081,1,275,0,0
rudduc,0,98,0,0,0,0,5,0,413,0,0,0,0
helgui,0,0,0,0,0,0,0,0,0,0,0,0,0
mouqua,0,0,0,0,0,0,0,0,0,0,0,0,0
norbob,0,0,0,0,0,0,0,0,0,0,0,0,0
calqua,0,1365,0,0,0,0,0,0,0,0,0,0,0
gamqua,0,0,0,0,0,0,0,0,0,0,0,0,0
wiltur,0,241,42,0,0,0,0,0,4469,0,1938,0,0
rufgro,31,89,21,10,0,1,38,0,195,0,117,18,8
saggro,0,0,0,0,0,0,0,0,0,0,0,0,0
dusgro,0,1,0,0,0,0,0,0,0,0,0,0,0
soogro1,0,1,0,0,0,0,0,0,0,0,0,0,0
shtgro,16,0,104,0,0,0,0,0,144,0,4,377,0
x00727,0,0,0,0,0,0,0,0,0,0,0,0,0
grpchi,0,0,0,0,0,0,0,0,0,0,0,0,0
x00728,0,0,0,0,0,0,0,0,0,0,0,0,0
whtpta1,1,3,0,0,0,0,0,0,0,0,0,0,0
wilpta,3,3,9,0,8,88,0,0,0,0,128,0,2
rocpta1,0,0,0,0,0,0,0,0,0,0,0,0,0
sprgro,6,28,8,0,0,0,3,0,3,0,50,8,1
grypar,866,0,309,0,0,0,0,0,4,0,257,933,0
golphe,0,0,0,0,0,0,0,0,0,0,1,0,0
laaphe1,0,0,0,0,0,0,0,0,0,0,0,0,0
rinphe1,94,50,16,30,0,0,136,0,8,1,1,24,0
rinphe2,0,0,0,0,0,0,0,0,0,0,0,0,0
silphe,0,0,0,0,0,0,0,0,0,0,0,0,0
compea,0,12,0,0,0,0,0,0,0,0,0,0,0
redjun,0,0,0,0,0,0,0,0,0,0,0,0,0
blbqua1,0,0,0,0,0,0,0,0,0,0,0,0,0
comqua1,0,0,0,0,0,0,0,0,0,0,0,0,0
japqua,0,0,0,0,0,0,0,0,0,0,0,0,0
relpar1,0,0,0,0,0,0,0,0,0,0,0,0,0
chukar,0,12,0,0,0,0,0,0,0,0,0,0,0
chifla1,0,0,0,0,0,0,0,0,0,0,0,0,0
grefla2,0,0,0,0,0,0,0,0,0,0,0,0,0
pibgre,0,273,0,0,0,0,0,0,11,0,0,0,0
horgre,0,1521,0,44,0,0,37,0,22,0,0,0,0
rengre,0,365,0,45,0,0,18,0,3,0,0,0,0
eargre,0,6,0,0,0,0,0,0,0,0,0,0,0
wesgre,0,302,0,0,0,0,0,0,0,0,0,0,0
clagre,0,0,0,0,0,0,0,0,0,0,0,0,0
x00427,0,0,0,0,0,0,0,0,0,0,0,0,0
rocpig,1127,3655,718,903,389,0,1720,0,15923,70,12239,1098,0
cowpig1,0,0,0,0,0,0,0,0,0,0,0,0,0
batpig1,0,5,0,0,0,0,0,0,0,0,0,0,0
paspig,0,0,0,0,0,0,0,0,0,0,0,0,0
ortdov,0,0,0,0,0,0,0,0,0,0,0,0,0
eucdov,64,851,56,0,0,0,3,0,0,0,0,38,0
afcdov1,0,0,0,0,0,0,0,0,0,0,0,0,0
spodov,0,0,0,0,0,0,0,0,0,0,0,0,0
laudov1,0,0,0,0,0,0,0,0,0,0,0,0,0
incdov,0,0,0,0,0,0,0,0,0,0,0,0,0
cogdov,0,0,0,0,0,0,0,0,0,0,0,0,0
whwdov,0,0,0,0,0,0,0,0,0,0,0,0,0
moudov,0,195,0,412,62,0,1504,0,6993,55,4049,0,0
grbani,0,0,0,0,0,0,0,0,0,0,0,0,0
yebcuc,0,0,0,0,0,0,0,0,0,0,0,0,0
bkbcuc,0,0,0,0,0,0,0,0,0,0,0,0,0
comcuc,0,0,0,0,0,0,0,0,0,0,0,0,0
lesnig,0,0,0,0,0,0,0,0,0,0,0,0,0
comnig,0,0,0,0,0,0,0,0,0,0,0,0,0
compoo,0,0,0,0,0,0,0,0,0,0,0,0,0
chwwid,0,0,0,0,0,0,0,0,0,0,0,0,0
easwpw1,0,0,0,0,0,0,0,0,0,0,0,0,0
blkswi,0,0,0,0,0,0,0,0,0,0,0,0,0
whcswi,0,0,0,0,0,0,0,0,0,0,0,0,0
chiswi,0,0,0,0,0,0,0,0,0,0,0,0,0
vauswi,0,0,0,0,0,0,0,0,0,0,0,0,0
comswi,0,0,0,0,0,0,0,0,0,0,0,0,0
fotswi,0,0,0,0,0,0,0,0,0,0,0,0,0
whtswi,0,0,0,0,0,0,0,0,0,0,0,0,0
grnvie1,0,0,0,0,0,0,0,0,0,0,0,0,0
maghum1,0,0,0,0,0,0,0,0,0,0,0,0,0
amthum1,0,0,0,0,0,0,0,0,0,0,0,0,0
rthhum,0,0,0,0,0,0,0,0,0,0,0,0,0
bkchum,0,0,0,0,0,0,0,0,0,0,0,0,0
annhum,0,1462,0,0,0,0,0,0,0,0,0,0,0
x00651,0,0,0,0,0,0,0,0,0,0,0,0,0
coshum,0,0,0,0,0,0,0,0,0,0,0,0,0
calhum,0,0,0,0,0,0,0,0,0,0,0,0,0
rufhum,0,0,0,0,0,0,0,0,0,0,0,0,0
x00738,0,0,0,0,0,0,0,0,0,0,0,0,0
x00626,0,0,0,0,0,0,0,0,0,0,0,0,0
brthum,0,0,0,0,0,0,0,0,0,0,0,0,0
brbhum,0,0,0,0,0,0,0,0,0,0,0,0,0
xanhum,0,0,0,0,0,0,0,0,0,0,0,0,0
kinrai4,0,0,0,0,0,0,0,0,0,0,0,0,0
clarai11,0,0,0,0,0,0,0,0,0,0,0,0,0
virrai,0,18,0,0,0,0,0,0,0,0,0,0,0
corcra,0,0,0,0,0,0,0,0,0,0,0,0,0
sora,0,4,0,0,0,0,0,0,0,0,0,0,0
comgal1,0,0,0,0,0,0,0,0,0,0,0,0,0
eurcoo,0,0,0,0,0,0,0,0,0,0,0,0,0
y00475,19,10469,1,1,4,0,4,0,132,0,0,0,0
purgal2,0,0,0,0,0,0,0,0,0,0,0,0,0
yelrai,0,0,0,0,0,0,0,0,0,0,0,0,0
blkrai,0,0,0,0,0,0,0,0,0,0,0,0,0
limpki,0,0,0,0,0,0,0,0,0,0,0,0,0
demcra1,0,0,0,0,0,0,0,0,0,0,0,0,0
sancra,0,20,0,0,0,0,0,0,3730,0,1,0,0
comcra,0,0,0,0,0,0,0,0,0,0,0,0,0
whocra,0,0,0,0,0,0,0,0,0,0,0,0,0
bknsti,0,0,0,0,0,0,0,0,0,0,0,0,0
ameavo,0,2,0,0,0,0,0,0,0,0,0,0,0
x00732,0,0,0,0,0,0,0,0,0,0,0,0,0
euroys1,0,0,0,0,0,0,0,0,0,0,0,0,0
ameoys,0,0,0,0,0,0,0,0,0,0,0,0,0
blkoys,0,814,0,0,0,0,0,0,0,0,0,0,0
bkbplo,0,894,0,0,0,0,8,0,0,0,0,0,0
eugplo,0,0,0,0,0,0,0,0,0,0,0,0,0
amgplo,0,0,0,0,0,0,0,0,0,0,0,0,0
pagplo,0,0,0,0,0,0,0,0,0,0,0,0,0
norlap,0,0,0,0,0,0,0,0,0,0,0,0,0
lesplo,0,0,0,0,0,0,0,0,0,0,0,0,0
snoplo5,0,0,0,0,0,0,0,0,0,0,0,0,0
wilplo,0,0,0,0,0,0,0,0,0,0,0,0,0
corplo,0,0,0,0,0,0,0,0,0,0,0,0,0
semplo,0,0,0,0,0,0,0,0,0,0,0,0,0
pipplo,0,0,0,0,0,0,0,0,0,0,0,0,0
killde,0,219,0,0,0,0,1,0,6,0,0,0,0
mouplo,0,0,0,0,0,0,0,0,0,0,0,0,0
eurdot,0,0,0,0,0,0,0,0,0,0,0,0,0
uplsan,0,0,0,0,0,0,0,0,0,0,0,0,0
brtcur,0,0,0,0,0,0,0,0,0,0,0,0,0
whimbr,0,0,0,0,0,0,0,0,0,0,0,0,0
eskcur,0,0,0,0,0,0,0,0,0,0,0,0,0
lobcur,0,0,0,0,0,0,0,0,0,0,0,0,0
faecur,0,0,0,0,0,0,0,0,0,0,0,0,0
slbcur,0,0,0,0,0,0,0,0,0,0,0,0,0
eurcur,0,0,0,0,0,0,0,0,0,0,0,0,0
batgod,0,0,0,0,0,0,0,0,0,0,0,0,0
bktgod,0,0,0,0,0,0,0,0,0,0,0,0,0
hudgod,0,0,0,0,0,0,0,0,0,0,0,0,0
margod,0,6,0,0,0,0,0,0,0,0,0,0,0
rudtur,0,0,0,0,1,0,16,0,0,0,0,0,0
blktur,0,757,0,0,0,0,0,0,0,0,0,0,0
redkno,0,0,0,0,0,0,0,0,0,0,0,0,0
surfbi,0,167,0,0,0,0,0,0,0,0,0,0,0
ruff,0,0,0,0,0,0,0,0,0,0,0,0,0
shtsan,0,0,0,0,0,0,0,0,0,0,0,0,0
stisan,0,0,0,0,0,0,0,0,0,0,0,0,0
cursan,0,0,0,0,0,0,0,0,0,0,0,0,0
temsti,0,0,0,0,0,0,0,0,0,0,0,0,0
spbsan1,0,0,0,0,0,0,0,0,0,0,0,0,0
rensti,0,0,0,0,0,0,0,0,0,0,0,0,0
sander,0,100,0,0,0,0,223,0,0,0,0,0,0
dunlin,0,50820,0,0,0,0,36,0,2,0,0,0,0
rocsan,0,1,0,0,0,0,0,0,0,0,0,0,0
pursan,0,0,0,24,81,0,48,0,0,0,49,0,0
baisan,0,0,0,0,0,0,0,0,0,0,0,0,0
litsti,0,0,0,0,0,0,0,0,0,0,0,0,0
leasan,0,20,0,0,0,0,0,0,0,0,0,0,0
whrsan,0,0,0,0,0,0,0,0,0,0,0,0,0
x00430,0,0,0,0,0,0,0,0,0,0,0,0,0
bubsan,0,0,0,0,0,0,0,0,0,0,0,0,0
x00431,0,0,0,0,0,0,0,0,0,0,0,0,0
pecsan,0,0,0,0,0,0,0,0,0,0,0,0,0
semsan,0,0,0,0,0,0,0,0,0,0,0,0,0
wessan,0,0,0,0,0,0,0,0,0,0,0,0,0
shbdow,0,1,0,0,0,0,0,0,0,0,0,0,0
lobdow,0,81,0,0,0,0,0,0,0,12,0,0,0
jacsni,0,0,0,0,0,0,0,0,0,0,0,0,0
amewoo,0,0,0,0,0,0,0,0,0,0,0,0,0
comsni,0,0,0,0,0,0,0,0,0,0,0,0,0
wilsni1,0,29,0,0,1,0,0,0,0,0,2,0,0
tersan,0,0,0,0,0,0,0,0,0,0,0,0,0
wilpha,0,0,0,0,0,0,0,0,0,0,0,0,0
renpha,0,0,0,0,0,0,0,0,0,0,0,0,0
redpha1,0,0,0,0,0,0,0,0,0,0,0,0,0
sposan,0,5,0,0,0,0,0,0,0,0,0,0,0
solsan,0,0,0,0,0,0,0,0,0,0,0,0,0
gyttat1,0,0,0,0,0,0,0,0,0,0,0,0,0
wantat1,0,0,0,0,0,0,0,0,0,0,0,0,0
spored,0,0,0,0,0,0,0,0,0,0,0,0,0
greyel,0,91,0,0,0,0,0,0,0,0,0,0,0
comgre,0,0,0,0,0,0,0,0,0,0,0,0,0
willet1,0,0,0,0,0,0,0,0,0,0,0,0,0
lesyel,0,0,0,0,0,0,1,0,0,0,0,0,0
marsan,0,0,0,0,0,0,0,0,0,0,0,0,0
woosan,0,0,0,0,0,0,0,0,0,0,0,0,0
comred1,0,0,0,0,0,0,0,0,0,0,0,0,0
gresku1,0,0,0,0,0,0,0,0,0,0,0,0,0
sopsku1,0,0,0,0,0,0,0,0,0,0,0,0,0
pomjae,0,0,0,0,0,0,0,0,0,0,0,0,0
parjae,0,0,0,0,0,0,0,0,0,0,0,0,0
lotjae,0,0,0,0,0,0,0,0,0,0,0,0,0
doveki,0,0,0,1,9,0,4,0,0,0,0,0,0
commur,0,1339,0,5,2,0,5,0,0,0,0,0,0
thbmur,0,0,0,1,4,0,4,0,0,0,0,0,0
razorb,0,0,0,18,8,0,7,0,0,0,0,0,0
blkgui,0,0,0,88,194,0,92,0,0,0,148,0,0
piggui,0,366,0,0,0,0,0,0,0,0,0,0,0
lobmur,0,0,0,0,0,0,0,0,0,0,0,0,0
marmur,0,465,0,0,0,0,0,0,0,0,0,0,0
kitmur,0,0,0,0,0,0,0,0,0,0,0,0,0
xanmur2,0,0,0,0,0,0,0,0,0,0,0,0,0
xanmur1,0,0,0,0,0,0,0,0,0,0,0,0,0
ancmur,0,672,0,0,0,0,0,0,0,0,0,0,0
casauk,0,0,0,0,0,0,0,0,0,0,0,0,0
parauk,0,0,0,0,0,0,0,0,0,0,0,0,0
creauk,0,0,0,0,0,0,0,0,0,0,0,0,0
rhiauk,0,130,0,0,0,0,0,0,0,0,0,0,0
atlpuf,0,0,0,0,4,0,2,0,0,0,0,0,0
horpuf,0,0,0,0,0,0,0,0,0,0,0,0,0
tufpuf,0,0,0,0,0,0,0,0,0,0,0,0,0
bklkit,0,0,0,8,9,0,23,0,5,0,0,0,0
relkit,0,0,0,0,0,0,0,0,0,0,0,0,0
ivogul,0,0,0,0,5,0,0,0,0,0,0,0,0
sabgul,0,0,0,0,0,0,0,0,0,0,0,0,0
bongul,0,29,0,1,0,0,84,0,336,0,0,0,0
bkhgul,0,0,0,0,15,0,37,0,0,0,0,0,0
litgul,0,0,0,0,0,0,1,0,1,0,0,0,0
rosgul,0,0,0,0,0,0,0,0,0,0,0,0,0
laugul,0,0,0,0,0,0,0,0,0,0,0,0,0
fragul,0,0,0,0,0,0,0,0,0,0,0,0,0
bktgul,0,0,0,0,0,0,0,0,0,0,0,0,0
heegul,0,0,0,0,0,0,0,0,0,0,0,0,0
mewgul,0,0,0,0,1,0,1,0,0,0,0,0,0
mewgul2,0,6403,0,0,0,0,0,0,0,0,0,0,0
ribgul,0,434,0,81,2,0,1046,0,10726,15,13,0,0
x00641,0,0,0,0,0,0,0,0,0,0,0,0,0
x00616,0,0,0,0,0,0,0,0,0,0,0,0,0
wesgul,0,16,0,0,0,0,0,0,0,0,0,0,0
calgul,0,192,0,0,0,0,0,0,0,0,0,0,0
hergul,0,743,0,2560,2005,0,7370,0,15848,72,1097,0,0
x00797,0,0,0,0,0,0,0,0,0,0,0,0,0
yelgul1,0,0,0,0,0,0,0,0,0,0,0,0,0
y00478,0,2297,0,192,1487,0,1075,0,92,41,942,0,0
lbbgul,0,0,0,1,3,0,22,0,23,0,2,0,0
x00057,0,0,0,0,1,0,0,0,0,0,0,0,0
slbgul,0,0,0,0,0,0,0,0,0,0,0,0,0
glwgul,0,13096,0,0,0,0,0,0,0,0,0,0,0
x00051,0,1776,0,0,0,0,0,0,0,0,0,0,0
x00050,0,77,0,0,0,0,0,0,0,0,0,0,0
x00436,0,0,0,0,0,0,0,0,0,0,0,0,0
glagul,0,1,0,3,129,0,14,0,91,1,155,0,0
nelgul,0,0,0,0,0,0,1,0,0,0,0,0,0
x00048,0,0,0,0,0,0,0,0,0,0,0,0,0
gbbgul,0,0,0,325,437,0,1628,0,441,8,1724,0,0
x00047,0,0,0,0,1,0,0,0,1,0,0,0,0
x00632,0,0,0,0,0,0,0,0,0,0,0,0,0
kelgul,0,0,0,0,0,0,0,0,0,0,0,0,0
sooter1,0,0,0,0,0,0,0,0,0,0,0,0,0
briter1,0,0,0,0,0,0,0,0,0,0,0,0,0
leater1,0,0,0,0,0,0,0,0,0,0,0,0,0
gubter1,0,0,0,0,0,0,0,0,0,0,0,0,0
caster1,0,0,0,0,0,0,0,0,0,0,0,0,0
blkter,0,0,0,0,0,0,0,0,0,0,0,0,0
whwter,0,0,0,0,0,0,0,0,0,0,0,0,0
roster,0,0,0,0,0,0,0,0,0,0,0,0,0
comter,0,0,0,0,0,0,0,0,0,0,0,0,0
x00735,0,0,0,0,0,0,0,0,0,0,0,0,0
arcter,0,0,0,0,0,0,0,0,0,0,0,0,0
forter,0,0,0,0,0,0,0,0,0,0,0,0,0
royter1,0,0,0,0,0,0,0,0,0,0,0,0,0
santer1,0,0,0,0,0,0,0,0,0,0,0,0,0
eleter1,0,0,0,0,0,0,0,0,0,0,0,0,0
blkski,0,0,0,0,0,0,0,0,0,0,0,0,0
whttro,0,0,0,0,0,0,0,0,0,0,0,0,0
rebtro,0,0,0,0,0,0,0,0,0,0,0,0,0
retloo,0,171,0,2,2,0,28,0,3,0,0,0,0
arcloo,0,0,0,0,0,0,0,0,0,0,0,0,0
pacloo,0,1569,0,0,0,0,0,0,0,0,0,0,0
comloo,0,417,0,150,67,0,212,0,21,0,3,0,0
yebloo,0,1,0,0,0,0,0,0,0,0,0,0,0
yenalb,0,0,0,0,0,0,0,0,0,0,0,0,0
bkbalb,0,0,0,0,0,0,0,0,0,0,0,0,0
layalb,0,0,0,0,0,0,0,0,0,0,0,0,0
bkfalb,0,0,0,0,0,0,0,0,0,0,0,0,0
shtalb,0,0,0,0,0,0,0,0,0,0,0,0,0
wispet,0,0,0,0,0,0,0,0,0,0,0,0,0
wfspet,0,0,0,0,0,0,0,0,0,0,0,0,0
ftspet,0,0,0,0,0,0,0,0,0,0,0,0,0
lcspet,0,0,0,0,0,0,0,0,0,0,0,0,0
barpet,0,0,0,0,0,0,0,0,0,0,0,0,0
norful,0,0,0,0,113,0,0,0,0,0,0,0,0
tripet1,0,0,0,0,0,0,0,0,0,0,0,0,0
murpet,0,0,0,0,0,0,0,0,0,0,0,0,0
feapet1,0,0,0,0,0,0,0,0,0,0,0,0,0
motpet,0,0,0,0,0,0,0,0,0,0,0,0,0
berpet,0,0,0,0,0,0,0,0,0,0,0,0,0
bkcpet,0,0,0,0,0,0,0,0,0,0,0,0,0
hawpet1,0,0,0,0,0,0,0,0,0,0,0,0,0
coopet,0,0,0,0,0,0,0,0,0,0,0,0,0
corshe,0,0,0,0,0,0,0,0,0,0,0,0,0
pifshe,0,0,0,0,0,0,0,0,0,0,0,0,0
flfshe,0,0,0,0,0,0,0,0,0,0,0,0,0
greshe,0,0,0,0,0,0,0,0,0,0,0,0,0
bulshe,0,0,0,0,0,0,0,0,0,0,0,0,0
sooshe,0,0,0,0,0,0,0,0,0,0,0,0,0
shtshe,0,0,0,0,0,0,0,0,0,0,0,0,0
manshe,0,0,0,0,0,0,0,0,0,0,0,0,0
litshe1,0,0,0,0,0,0,0,0,0,0,0,0,0
audshe,0,0,0,0,0,0,0,0,0,0,0,0,0
woosto,0,0,0,0,0,0,0,0,0,0,0,0,0
magfri,0,0,0,0,0,0,0,0,0,0,0,0,0
masboo,0,0,0,0,0,0,0,0,0,0,0,0,0
nazboo1,0,0,0,0,0,0,0,0,0,0,0,0,0
brnboo,0,0,0,0,0,0,0,0,0,0,0,0,0
refboo,0,0,0,0,0,0,0,0,0,0,0,0,0
norgan,0,0,0,0,0,0,0,0,0,0,0,0,0
anhing,0,0,0,0,0,0,0,0,0,0,0,0,0
bracor,0,872,0,0,0,0,0,0,0,0,0,0,0
pelcor,0,1218,0,0,0,0,0,0,0,0,0,0,0
grecor,0,0,0,10,46,0,114,0,0,1,23,0,0
doccor,0,1522,0,16,29,0,48,0,63,0,0,0,0
neocor,0,0,0,0,0,0,0,0,0,0,0,0,0
amwpel,0,0,0,0,0,0,0,0,0,0,0,0,0
brnpel,0,0,0,0,0,0,0,0,0,0,0,0,0
grwpel1,0,0,0,0,0,0,0,0,0,0,0,0,0
amebit,0,2,0,0,0,0,0,0,0,0,0,0,0
leabit,0,0,0,0,0,0,0,0,0,0,0,0,0
grbher3,0,841,0,0,0,0,13,0,146,0,2,0,0
graher1,0,0,0,0,0,0,2,0,0,0,0,0,0
greegr,0,0,0,0,0,0,1,0,0,0,0,0,0
litegr,0,0,0,0,0,0,0,0,0,0,0,0,0
werher,0,0,0,0,0,0,0,0,0,0,0,0,0
snoegr,0,0,0,0,0,0,1,0,0,0,0,0,0
libher,0,0,0,0,0,0,0,0,0,0,0,0,0
triher,0,0,0,0,0,0,0,0,0,0,0,0,0
redegr,0,0,0,0,0,0,0,0,0,0,0,0,0
categr,0,0,0,0,0,0,0,0,0,0,0,0,0
grnher,0,0,0,0,0,0,0,0,0,0,0,0,0
bcnher,0,6,0,0,0,0,0,0,14,0,0,0,0
ycnher,0,0,0,0,0,0,0,0,0,0,0,0,0
whiibi,0,0,0,0,0,0,0,0,0,0,0,0,0
gloibi,0,0,0,0,0,0,0,0,0,0,0,0,0
whfibi,0,0,0,0,0,0,0,0,0,0,0,0,0
gxwibi1,0,0,0,0,0,0,0,0,0,0,0,0,0
rosspo1,0,0,0,0,0,0,0,0,0,0,0,0,0
blkvul,0,0,0,0,0,0,2,0,2,0,0,0,0
turvul,0,76,0,23,0,0,105,0,89,0,1,0,0
osprey,0,0,0,0,0,0,0,0,0,0,0,0,0
whtkit,0,0,0,0,0,0,0,0,0,0,0,0,0
swtkit,0,0,0,0,0,0,0,0,0,0,0,0,0
goleag,12,16,0,0,0,0,0,0,20,0,6,7,0
miskit,0,0,0,0,0,0,0,0,0,0,0,0,0
norhar2,1,147,0,10,0,0,41,0,292,5,6,0,0
shshaw,18,73,1,11,28,0,46,0,133,2,58,7,0
coohaw,0,183,0,11,0,0,19,0,381,0,202,0,0
norgos,12,10,0,1,4,0,5,0,9,0,14,6,0
baleag,193,2706,33,98,39,0,486,0,1094,18,339,11,9
stseag,0,0,0,0,0,0,0,0,0,0,0,0,0
hrshaw,0,0,0,0,0,0,0,0,0,0,0,0,0
reshaw,0,0,0,0,0,0,6,0,24,0,7,0,0
brwhaw,0,0,0,0,0,0,1,0,0,0,0,0,0
swahaw,0,0,0,0,0,0,0,0,0,0,0,0,0
zothaw,0,0,0,0,0,0,0,0,0,0,0,0,0
rethaw,0,442,0,9,0,0,98,0,1434,5,281,0,0
x00686,0,0,0,0,0,0,0,0,0,0,0,0,0
rolhaw,25,33,2,6,0,0,7,0,210,4,76,2,0
x00731,0,0,0,0,0,0,0,0,0,0,0,0,0
ferhaw,0,0,0,0,0,0,0,0,0,0,0,0,0
brnowl,0,0,0,0,0,0,0,0,0,0,0,0,0
flaowl,0,0,0,0,0,0,0,0,0,0,0,0,0
wesowl1,0,5,0,0,0,0,0,0,0,0,0,0,0
easowl1,0,0,12,0,0,0,0,0,74,0,20,0,0
snoowl1,60,0,59,0,0,0,0,0,144,0,127,152,0
grhowl,40,94,11,2,1,1,9,0,91,0,29,18,1
nohowl,0,0,0,0,0,0,0,0,0,0,0,0,0
nopowl,2,22,0,0,0,0,0,0,0,0,0,0,0
burowl,0,0,0,0,0,0,0,0,0,0,0,0,0
spoowl,0,0,0,0,0,0,0,0,0,0,0,0,0
brdowl,3,63,0,1,0,0,25,0,68,1,48,0,0
grgowl,0,0,0,0,0,0,0,0,0,0,0,0,0
loeowl,0,0,0,0,0,0,0,0,7,0,6,0,0
sheowl,5,35,0,6,0,0,5,0,67,0,1,0,0
borowl,0,0,0,0,0,0,0,0,0,0,5,1,2
nswowl,7,8,0,0,1,0,0,0,14,0,12,0,0
belkin1,4,185,0,1,11,0,19,0,160,1,2,0,0
ncbeat1,0,0,0,0,0,0,0,0,0,0,0,0,0
wilsap,0,0,0,0,0,0,0,0,0,0,0,0,0
yebsap,0,0,0,0,0,0,0,0,14,0,0,0,0
rensap,0,0,0,0,0,0,0,0,0,0,0,0,0
x00634,0,0,0,0,0,0,0,0,0,0,0,0,0
rebsap,0,46,0,0,0,0,0,0,0,0,0,0,0
x00712,0,0,0,0,0,0,0,0,0,0,0,0,0
rnxsap1,0,0,0,0,0,0,0,0,0,0,0,0,0
lewwoo,0,0,0,0,0,0,0,0,1,0,0,0,0
rehwoo,0,0,0,0,0,0,0,0,7,0,0,0,0
acowoo,0,0,0,0,0,0,0,0,0,0,0,0,0
rebwoo,0,0,2,10,0,0,19,0,878,1,81,1,0
attwoo1,24,11,0,0,0,0,0,0,4,0,9,4,3
bkbwoo,1,4,2,1,0,1,0,0,14,0,30,1,0
dowwoo,571,466,158,66,10,0,159,0,2465,12,1382,89,3
haiwoo,207,246,122,64,4,0,128,0,1381,11,1218,64,4
whhwoo,0,0,0,0,0,0,0,0,0,0,0,0,0
pilwoo,115,285,48,19,0,0,42,0,493,0,334,9,0
norfli,367,1642,1,0,38,0,88,0,96,3,50,18,0
y00678,0,0,0,0,0,0,0,0,0,0,0,0,0
eurkes,0,0,0,0,0,0,0,0,0,0,0,0,0
amekes,0,90,0,0,0,0,6,0,159,0,3,0,0
merlin,45,122,6,3,0,0,15,0,168,2,76,16,0
gyrfal,0,0,0,0,0,0,0,0,0,0,0,0,0
perfal,0,70,0,5,2,0,16,0,97,0,46,0,0
prafal,20,2,0,0,0,0,0,0,0,0,0,4,0
cockat,0,0,0,0,0,0,0,0,0,0,0,0,0
rorpar,0,0,0,0,0,0,0,0,0,0,0,0,0
rerpar1,0,0,0,0,0,0,0,0,0,0,0,0,0
budger,0,0,0,0,0,0,0,0,0,0,0,0,0
rehlov1,0,0,0,0,0,0,0,0,0,0,0,0,0
peflov,0,0,0,0,0,0,0,0,0,0,0,0,0
fislov1,0,0,0,0,0,0,0,0,0,0,0,0,0
rebpar1,0,0,0,0,0,0,0,0,0,0,0,0,0
monpar,0,0,0,0,0,0,0,0,0,0,0,0,0
gncpar,0,0,0,0,0,0,0,0,0,0,0,0,0
bkhpar,0,0,0,0,0,0,0,0,0,0,0,0,0
mitpar,0,0,0,0,0,0,0,0,0,0,0,0,0
smbela1,0,0,0,0,0,0,0,0,0,0,0,0,0
olsfly,0,0,0,0,0,0,0,0,0,0,0,0,0
wewpew,0,0,0,0,0,0,0,0,0,0,0,0,0
eawpew,0,0,0,0,0,0,0,0,0,0,0,0,0
yebfly,0,0,0,0,0,0,0,0,0,0,0,0,0
acafly,0,0,0,0,0,0,0,0,0,0,0,0,0
aldfly,0,0,0,0,0,0,0,0,0,0,0,0,0
wilfly,0,0,0,0,0,0,0,0,0,0,0,0,0
leafly,0,0,0,0,0,0,0,0,0,0,0,0,0
hamfly,0,0,0,0,0,0,0,0,0,0,0,0,0
gryfly,0,0,0,0,0,0,0,0,0,0,0,0,0
dusfly,0,0,0,0,0,0,0,0,0,0,0,0,0
pasfly,0,0,0,0,0,0,0,0,0,0,0,0,0
corfly,0,0,0,0,0,0,0,0,0,0,0,0,0
blkpho,0,0,0,0,0,0,0,0,0,0,0,0,0
easpho,0,0,0,0,0,0,2,0,0,0,0,0,0
saypho,0,0,0,0,0,0,0,0,0,0,0,0,0
verfly,0,0,0,0,0,0,0,0,0,0,0,0,0
astfly,0,0,0,0,0,0,0,0,0,0,0,0,0
grcfly,0,0,0,0,0,0,0,0,0,0,0,0,0
grekis,0,0,0,0,0,0,0,0,0,0,0,0,0
subfly,0,0,0,0,0,0,0,0,0,0,0,0,0
varfly,0,0,0,0,0,0,0,0,0,0,0,0,0
trokin,0,0,0,0,0,0,0,0,0,0,0,0,0
caskin,0,0,0,0,0,0,0,0,0,0,0,0,0
thbkin,0,0,0,0,0,0,0,0,0,0,0,0,0
weskin,0,0,0,0,0,0,0,0,0,0,0,0,0
easkin,0,0,0,0,0,0,0,0,0,0,0,0,0
x00718,0,0,0,0,0,0,0,0,0,0,0,0,0
grykin,0,0,0,0,0,0,0,0,0,0,0,0,0
sctfly,0,0,0,0,0,0,0,0,0,0,0,0,0
fotfly,0,0,0,0,0,0,0,0,0,0,0,0,0
bkcvir1,0,0,0,0,0,0,0,0,0,0,0,0,0
whevir,0,0,0,0,0,0,0,0,0,0,0,0,0
belvir,0,0,0,0,0,0,0,0,0,0,0,0,0
hutvir,0,62,0,0,0,0,0,0,0,0,0,0,0
yetvir,0,0,0,0,0,0,0,0,0,0,0,0,0
casvir,0,0,0,0,0,0,0,0,0,0,0,0,0
buhvir,0,0,0,0,0,0,0,0,0,0,0,0,0
plsvir,0,0,0,0,0,0,0,0,0,0,0,0,0
phivir,0,0,0,0,0,0,0,0,0,0,0,0,0
warvir,0,0,0,0,0,0,0,0,0,0,0,0,0
reevir1,0,0,0,0,0,0,0,0,0,0,0,0,0
yegvir,0,0,0,0,0,0,0,0,0,0,0,0,0
rebshr1,0,0,0,0,0,0,0,0,0,0,0,0,0
brnshr,0,0,0,0,0,0,0,0,0,0,0,0,0
logshr,0,0,0,0,0,0,0,0,0,0,0,0,0
norshr4,30,92,11,9,4,0,4,0,149,1,112,4,0
gryjay,140,185,28,12,15,3,17,0,70,0,70,23,49
pinjay,0,0,0,0,0,0,0,0,0,0,0,0,0
stejay,6,536,0,0,0,0,0,0,0,0,0,0,0
blujay,558,47,298,213,99,0,1039,0,4121,93,2857,169,0
x00622,0,0,0,0,0,0,0,0,0,0,0,0,0
flsjay,0,0,0,0,0,0,0,0,0,0,0,0,0
cowscj1,0,35,0,0,0,0,0,0,0,0,0,0,0
x00964,0,1,0,0,0,0,0,0,0,0,0,0,0
wooscj2,0,0,0,0,0,0,0,0,0,0,0,0,0
bkbmag1,3268,630,157,0,0,7,0,0,1,0,0,504,31
clanut,52,50,0,0,0,0,0,0,0,0,0,0,0
eurjac,0,0,0,0,0,0,0,0,0,0,0,0,0
amecro,146,10996,350,1329,728,0,4081,0,30494,243,17937,25,0
fiscro,0,0,0,0,0,0,0,0,2,0,0,0,0
chirav,0,0,0,0,0,0,0,0,0,0,0,0,0
hoocro1,0,0,0,0,0,0,0,0,0,0,0,0,0
piecro1,0,0,0,0,0,0,0,0,0,0,0,0,0
comrav,1663,3093,375,98,56,15,364,59,1629,56,1670,459,221
carchi,0,0,0,0,0,0,0,0,0,0,0,0,0
bkcchi,3268,3541,930,646,170,9,1942,0,13871,104,9759,730,56
x00195,0,0,0,0,0,0,0,0,0,0,0,0,0
mouchi,256,516,0,0,0,0,0,0,0,0,0,0,0
x00623,0,0,0,0,0,0,0,0,0,0,0,0,0
chbchi,0,2612,0,0,0,0,0,0,0,0,0,0,0
borchi2,263,52,10,4,47,1,33,0,15,8,109,19,58
gyhchi,0,0,0,0,0,0,0,0,0,0,0,0,0
blutit,0,0,0,0,0,0,0,0,0,0,0,0,0
tuftit,0,0,0,3,0,0,0,0,129,0,197,0,0
gretit1,0,0,0,0,0,0,0,0,0,0,0,0,0
horlar,306,24,54,29,0,0,442,0,7043,113,2589,128,0
skylar,0,0,0,0,0,0,0,0,0,0,0,0,0
nrwswa,0,0,0,0,0,0,0,0,0,0,0,0,0
purmar,0,0,0,0,0,0,0,0,0,0,0,0,0
treswa,0,7,0,0,0,0,0,0,0,0,0,0,0
vigswa,0,0,0,0,0,0,0,0,0,0,0,0,0
banswa,0,0,0,0,0,0,0,0,0,0,0,0,0
barswa,0,39,0,0,0,0,0,0,0,0,0,0,0
cliswa,0,0,0,0,0,0,0,0,0,0,0,0,0
x00717,0,0,0,0,0,0,0,0,0,0,0,0,0
x00661,0,0,0,0,0,0,0,0,0,0,0,0,0
cavswa,0,0,0,0,0,0,0,0,0,0,0,0,0
colfin1,0,0,0,0,0,0,0,0,0,0,0,0,0
yebwar3,0,0,0,0,0,0,0,0,0,0,0,0,0
arcwar1,0,0,0,0,0,0,0,0,0,0,0,0,0
bushti,0,1954,0,0,0,0,0,0,0,0,0,0,0
ruckin,0,425,0,0,0,0,0,0,0,0,0,0,0
gockin,35,2554,0,15,21,0,125,0,234,1,17,0,0
rebnut,650,1270,80,56,8,0,129,0,1143,7,376,239,8
whbnut,345,19,252,58,2,0,168,0,2601,5,1465,61,0
pygnut,0,342,0,0,0,0,0,0,0,0,0,0,0
brncre,60,438,2,19,7,0,31,0,253,2,119,10,0
buggna,0,0,0,0,0,0,0,0,0,0,0,0,0
rocwre,0,0,0,0,0,0,0,0,0,0,0,0,0
canwre,0,14,0,0,0,0,0,0,0,0,0,0,0
houwre,0,0,0,0,0,0,0,0,0,0,0,0,0
pacwre1,0,696,0,0,0,0,0,0,0,0,0,0,0
winwre3,0,0,0,1,0,0,0,0,43,0,5,0,0
sedwre1,0,0,0,0,0,0,0,0,0,0,0,0,0
marwre,0,66,0,0,0,0,0,0,0,0,0,0,0
carwre,0,0,0,3,0,0,0,0,260,0,32,0,0
bewwre,0,470,0,0,0,0,0,0,0,0,0,0,0
amedip,22,135,0,0,0,0,0,0,0,0,0,0,12
hilmyn,0,0,0,0,0,0,0,0,0,0,0,0,0
eursta,315,14398,100,730,1036,0,8878,0,36570,2136,13756,90,0
commyn,0,0,0,0,0,0,0,0,0,0,0,0,0
cremyn,0,0,0,0,0,0,0,0,0,0,0,0,0
grycat,0,0,0,0,0,0,1,0,2,0,0,0,0
cubthr,0,0,0,0,0,0,0,0,0,0,0,0,0
brnthr,0,0,0,0,0,0,0,0,3,0,1,0,0
sagthr,0,0,0,0,0,0,0,0,0,0,0,0,0
normoc,0,1,0,0,3,0,16,0,56,0,8,0,0
easblu,0,0,0,0,0,0,9,0,495,0,24,0,0
wesblu,0,70,0,0,0,0,0,0,0,0,0,0,0
moublu,6,0,0,0,0,0,0,0,0,0,0,0,0
x00864,0,0,0,0,0,0,0,0,0,0,0,0,0
towsol,24,115,0,0,0,0,0,0,0,0,0,0,0
varthr,0,737,0,0,0,0,0,0,0,0,0,1,0
veery,0,0,0,0,0,0,0,0,0,0,0,0,0
gycthr,0,0,0,0,0,0,0,0,0,0,0,0,0
bicthr,0,0,0,0,0,0,0,0,0,0,0,0,0
swathr,0,0,0,0,0,0,0,0,0,0,0,0,0
herthr,0,35,0,1,1,0,1,0,20,0,5,0,0
woothr,0,0,0,0,0,0,0,0,0,0,0,0,0
misthr1,0,0,0,0,0,0,0,0,0,0,0,0,0
sonthr1,0,0,0,0,0,0,0,0,0,0,0,0,0
redwin,0,0,0,0,0,0,0,0,0,0,0,0,0
eurbla,0,0,0,0,0,0,0,0,0,0,0,0,0
amerob,179,7573,8,9,19,0,572,0,4056,0,1495,32,0
fieldf,0,0,0,0,0,0,0,0,0,0,0,0,0
dusthr2,0,0,0,0,0,0,0,0,0,0,0,0,0
blueth,0,0,0,0,0,0,0,0,0,0,0,0,0
sibrub,0,0,0,0,0,0,0,0,0,0,0,0,0
refblu,0,0,0,0,0,0,0,0,0,0,0,0,0
norwhe,0,0,0,0,0,0,0,0,0,0,0,0,0
bohwax,19365,25124,2363,378,628,100,1452,0,9070,0,8289,2010,0
cedwax,42,83,84,28,5,0,61,0,1210,7,55,56,0
phaino,0,0,0,0,0,0,0,0,0,0,0,0,0
rebque1,0,0,0,0,0,0,0,0,0,0,0,0,0
orabis1,0,0,0,0,0,0,0,0,0,0,0,0,0
redbis,0,0,0,0,0,0,0,0,0,0,0,0,0
dobfin1,0,0,0,0,0,0,0,0,0,0,0,0,0
zebfin2,0,0,0,0,0,0,0,0,0,0,0,0,0
javspa,0,0,0,0,0,0,0,0,0,0,0,0,0
nutman,0,0,0,0,0,0,0,0,0,0,0,0,0
whrmun,0,0,0,0,0,0,0,0,0,0,0,0,0
goufin3,0,0,0,0,0,0,0,0,0,0,0,0,0
comwax,0,0,0,0,0,0,0,0,0,0,0,0,0
redava,0,0,0,0,0,0,0,0,0,0,0,0,0
reccor,0,0,0,0,0,0,0,0,0,0,0,0,0
sibacc,0,0,0,0,0,0,0,0,0,0,0,0,0
houspa,4223,2981,1007,75,193,0,257,0,10058,5,4262,2406,0
eutspa,0,0,0,0,0,0,0,0,0,0,0,0,0
x00754,0,0,0,0,0,0,0,0,0,0,0,0,0
eaywag,0,0,0,0,0,0,0,0,0,0,0,0,0
citwag,0,0,0,0,0,0,0,0,0,0,0,0,0
whiwag,0,0,0,0,0,0,0,0,0,0,0,0,0
retpip,0,0,0,0,0,0,0,0,0,0,0,0,0
amepip,0,11,0,0,3,0,26,0,3,0,0,0,0
sprpip,0,0,0,0,0,0,0,0,0,0,0,0,0
comcha,0,0,0,0,0,0,0,0,0,0,0,0,0
brambl,0,0,0,0,0,0,0,0,0,0,0,0,0
evegro,77,322,253,215,352,0,763,0,1961,0,2550,86,0
hawfin,0,0,0,0,0,0,0,0,0,0,0,0,0
pingro,83,145,145,133,61,2,5,0,2234,1,3757,63,112
eurbul,0,0,0,0,0,0,0,0,0,0,0,0,0
gcrfin,0,333,0,0,0,0,0,0,0,0,0,0,0
houfin,948,2735,171,7,0,0,6,0,2386,0,1220,177,0
purfin,2,494,11,13,14,0,32,0,60,1,41,7,0
casfin,0,223,0,0,0,0,0,0,0,0,0,0,0
eurgre1,0,0,0,0,0,0,0,0,0,0,0,0,0
origre,0,0,0,0,0,0,0,0,0,0,0,0,0
yefcan,0,0,0,0,0,0,0,0,0,0,0,0,0
comred,28,81,224,129,161,0,1,0,486,0,2605,69,232
hoared,1,0,1,0,2,2,0,0,2,0,34,1,1
x00625,0,0,0,0,0,0,0,0,0,0,0,0,0
redcro,112,1925,0,0,43,0,11,0,134,0,13,30,39
whwcro,742,622,15,0,0,0,12,0,40,2,8,59,300
eurgol,0,0,0,0,0,0,0,0,0,0,0,0,0
comcan,0,0,0,0,0,0,0,0,0,0,0,0,0
eursis,0,0,0,0,0,0,0,0,0,0,0,0,0
pinsis,240,3755,16,37,37,0,56,0,406,2,2102,19,0
lesgol,0,0,0,0,0,0,0,0,0,0,0,0,0
amegfi,50,1245,154,271,826,0,1639,0,5824,124,4105,33,0
x00905,0,0,0,0,0,0,0,0,0,0,0,0,0
laplon,101,2,0,2,0,0,14,0,203,57,83,0,0
chclon,0,0,0,0,0,0,0,0,0,0,0,0,0
smilon,0,0,0,0,0,0,0,0,0,0,0,0,0
mcclon,0,0,0,0,0,0,0,0,0,0,0,0,0
snobun,4206,523,2044,184,41,0,635,0,33285,157,13408,1218,0
x00919,0,0,0,0,0,0,0,0,0,0,0,0,0
mckbun,0,0,0,0,0,0,0,0,0,0,0,0,0
pinbun,0,0,0,0,0,0,0,0,0,0,0,0,0
yebbun,0,0,0,0,0,0,0,0,0,0,0,0,0
rusbun,0,0,0,0,0,0,0,0,0,0,0,0,0
casspa,0,0,0,0,0,0,0,0,0,0,0,0,0
bacspa,0,0,0,0,0,0,0,0,0,0,0,0,0
graspa,0,0,0,0,0,0,0,0,0,0,0,0,0
chispa,0,0,0,3,0,0,7,0,1,0,5,0,0
clcspa,0,0,0,0,0,0,1,0,0,0,0,0,0
x00198,0,0,0,0,0,0,0,0,0,0,0,0,0
fiespa,0,0,0,1,0,0,2,0,7,0,0,0,0
x00976,0,0,0,0,0,0,0,0,0,0,0,0,0
x00200,0,0,0,0,0,0,0,0,0,0,0,0,0
brespa,0,0,0,22,0,0,0,0,0,0,0,0,0
bktspa,0,0,0,0,0,0,0,0,0,0,0,0,0
larspa,0,0,0,0,0,0,0,0,0,0,0,0,0
larbun,0,0,0,0,0,0,0,0,0,0,0,0,0
amtspa,39,34,0,176,3,0,240,0,4557,2,966,0,0
foxspa,0,510,0,0,1,0,3,0,13,0,0,0,0
daejun,557,10279,99,335,934,0,927,0,8476,103,2180,38,7
whcspa,0,871,0,0,0,0,2,0,141,0,5,0,0
gocspa,0,1865,0,0,0,0,1,0,0,0,0,0,0
x00053,0,0,0,0,0,0,0,0,0,0,0,0,0
harspa,0,4,0,0,1,0,0,0,10,0,0,3,0
whtspa,8,79,9,45,6,0,221,0,367,4,173,2,0
x00451,0,0,0,0,0,0,0,0,0,0,0,0,0
x00720,0,0,0,0,0,0,0,0,0,0,0,0,0
x00039,0,0,0,0,0,0,0,0,0,0,0,0,0
sagspa1,0,0,0,0,0,0,0,0,0,0,0,0,0
belspa2,0,0,0,0,0,0,0,0,0,0,0,0,0
vesspa,0,0,0,0,0,0,0,0,0,0,3,0,0
lecspa,0,0,0,0,0,0,0,0,0,0,0,0,0
seaspa,0,0,0,0,0,0,0,0,0,0,0,0,0
nstspa,0,0,0,0,0,0,0,0,0,0,0,0,0
sstspa,0,0,0,0,0,0,0,0,0,0,0,0,0
savspa,0,21,0,1,0,0,36,0,3,0,1,0,0
baispa,0,0,0,0,0,0,0,0,0,0,0,0,0
henspa,0,0,0,0,0,0,0,0,0,0,0,0,0
sonspa,1,2485,0,39,19,0,456,0,238,6,58,0,0
linspa,0,27,0,2,0,0,0,0,0,0,9,0,0
x00474,0,0,0,0,0,0,0,0,0,0,0,0,0
swaspa,0,6,0,4,0,0,21,0,26,2,0,0,0
gnttow,0,0,0,0,0,0,0,0,0,0,0,0,0
spotow,0,1792,3,0,0,0,0,0,0,0,0,0,0
eastow,0,0,2,1,0,0,6,0,2,1,0,0,0
x00446,0,0,0,0,0,0,0,0,0,0,0,0,0
yebcha,0,0,0,1,0,0,5,0,0,0,0,0,0
yehbla,0,1,0,0,0,0,0,0,17,0,0,0,0
boboli,0,0,0,0,0,0,0,0,0,0,0,0,0
wesmea,0,83,0,0,0,0,5,0,0,0,0,0,0
easmea,0,0,0,0,0,0,0,0,3,0,0,0,0
x00827,0,0,0,0,0,0,0,0,0,0,0,0,0
orcori,0,0,0,0,0,0,0,0,0,0,0,0,0
hooori,0,0,0,0,0,0,0,0,0,0,0,0,0
stbori,0,0,0,0,0,0,0,0,0,0,0,0,0
bulori,0,0,0,0,0,0,0,0,0,0,0,0,0
balori,0,0,0,0,0,0,4,0,0,0,0,0,0
x00013,0,0,0,0,0,0,0,0,0,0,0,0,0
scoori,0,0,0,0,0,0,0,0,0,0,0,0,0
rewbla,0,4680,15,34,1,0,72,0,3065,0,55,0,0
shicow,0,0,0,0,0,0,0,0,0,0,0,0,0
brocow,0,0,0,0,0,0,0,0,0,0,0,0,0
bnhcow,0,7,0,0,0,0,19,0,4698,1,26,0,0
rusbla,0,0,1,7,0,0,0,0,93,0,4,0,0
brebla,0,1844,0,0,0,0,0,0,0,0,0,0,0
comgra,0,0,3,4,9,0,16,0,945,1,33,0,0
grtgra,0,0,0,0,0,0,0,0,0,0,0,0,0
ovenbi1,0,0,0,0,0,0,2,0,0,0,0,0,0
woewar1,0,0,0,0,0,0,0,0,0,0,0,0,0
louwat,0,0,0,0,0,0,0,0,0,0,0,0,0
norwat,0,0,0,0,0,0,0,0,0,0,0,0,0
gowwar,0,0,0,0,0,0,0,0,0,0,0,0,0
buwwar,0,0,0,0,0,0,0,0,0,0,0,0,0
x00669,0,0,0,0,0,0,0,0,0,0,0,0,0
brewar,0,0,0,0,0,0,0,0,0,0,0,0,0
lawwar,0,0,0,0,0,0,0,0,0,0,0,0,0
bawwar,0,0,0,0,0,0,0,0,0,0,0,0,0
prowar,0,0,0,0,0,0,0,0,0,0,0,0,0
swawar,0,0,0,0,0,0,0,0,0,0,0,0,0
tenwar,0,0,0,0,0,0,0,0,0,0,0,0,0
orcwar,0,5,0,1,3,0,2,0,0,0,0,0,0
lucwar,0,0,0,0,0,0,0,0,0,0,0,0,0
naswar,0,0,0,0,0,0,0,0,0,0,0,0,0
x01013,0,0,0,0,0,0,0,0,0,0,0,0,0
x00819,0,0,0,0,0,0,0,0,0,0,0,0,0
virwar,0,0,0,0,0,0,0,0,0,0,0,0,0
conwar,0,0,0,0,0,0,0,0,0,0,0,0,0
macwar,0,0,0,0,0,0,0,0,0,0,0,0,0
mouwar,0,0,0,0,0,0,0,0,0,0,0,0,0
x00699,0,0,0,0,0,0,0,0,0,0,0,0,0
kenwar,0,0,0,0,0,0,0,0,0,0,0,0,0
comyel,0,0,0,0,0,0,1,0,0,0,0,0,0
x00749,0,0,0,0,0,0,0,0,0,0,0,0,0
hoowar,0,0,0,0,0,0,0,0,0,0,0,0,0
amered,0,0,0,0,0,0,0,0,0,0,0,0,0
kirwar,0,0,0,0,0,0,0,0,0,0,0,0,0
camwar,0,0,0,0,0,0,0,0,0,0,0,0,0
cerwar,0,0,0,0,0,0,0,0,0,0,0,0,0
norpar,0,0,0,0,0,0,0,0,0,0,0,0,0
magwar,0,0,0,0,0,0,0,0,0,0,0,0,0
x00820,0,0,0,0,0,0,0,0,0,0,0,0,0
babwar,0,0,0,0,0,0,0,0,0,0,0,0,0
bkbwar,0,0,0,0,0,0,0,0,0,0,0,0,0
yelwar,0,0,0,0,0,0,0,0,0,0,0,0,0
chswar,0,0,0,0,0,0,0,0,0,0,0,0,0
x00772,0,0,0,0,0,0,0,0,0,0,0,0,0
bkpwar,0,0,0,0,0,0,0,0,0,0,0,0,0
btbwar,0,0,0,0,0,0,0,0,0,0,0,0,0
x00978,0,0,0,0,0,0,0,0,0,0,0,0,0
palwar,0,0,0,0,0,0,1,0,0,0,0,0,0
pinwar,0,0,0,0,0,0,8,0,0,0,0,0,0
yerwar,0,60,0,0,0,0,121,0,8,1,0,0,0
x00773,0,0,0,0,0,0,0,0,0,0,0,0,0
x00461,0,0,0,0,0,0,0,0,0,0,0,0,0
yetwar,0,0,0,0,2,0,1,0,0,0,0,0,0
prawar,0,0,0,0,0,0,1,0,0,0,0,0,0
grawar,0,0,0,0,0,0,0,0,0,0,0,0,0
btywar,0,0,0,0,0,0,0,0,0,0,0,0,0
towwar,0,1,0,0,0,0,1,0,0,0,0,0,0
x00867,0,0,0,0,0,0,0,0,0,0,0,0,0
herwar,0,0,0,0,0,0,0,0,0,0,0,0,0
x00059,0,0,0,0,0,0,0,0,0,0,0,0,0
btnwar,0,0,0,0,0,0,0,0,0,0,0,0,0
x00664,0,0,0,0,0,0,0,0,0,0,0,0,0
canwar,0,0,0,0,0,0,0,0,0,0,0,0,0
wlswar,0,0,0,0,0,0,0,0,0,0,0,0,0
paired,0,0,0,0,0,0,0,0,0,0,0,0,0
heptan,0,0,0,0,0,0,0,0,0,0,0,0,0
sumtan,0,0,0,0,0,0,0,0,0,0,0,0,0
scatan,0,0,0,0,0,0,0,0,0,0,0,0,0
westan,0,0,0,0,0,0,1,0,0,0,0,0,0
norcar,0,0,10,91,2,0,304,0,4326,3,1599,0,0
pyrrhu,0,0,0,0,0,0,0,0,0,0,0,0,0
robgro,0,0,0,0,0,0,0,0,0,0,0,0,0
bkhgro,0,0,0,0,0,0,0,0,0,0,0,0,0
x00448,0,0,0,0,0,0,0,0,0,0,0,0,0
blugrb1,0,0,0,0,0,0,0,0,0,0,0,0,0
lazbun,0,0,0,0,0,0,0,0,0,0,0,0,0
indbun,0,0,0,0,0,0,0,0,0,0,0,0,0
ixlbun,0,0,0,0,0,0,0,0,0,0,0,0,0
varbun,0,0,0,0,0,0,0,0,0,0,0,0,0
paibun,0,0,0,0,0,0,0,0,0,0,0,0,0
dickci,0,0,0,1,0,0,0,0,0,0,0,0,0
reccar,0,0,0,0,0,0,0,0,0,0,0,0,0
saffin,0,0,0,0,0,0,0,0,0,0,0,0,0
lessee2,0,0,0,0,0,0,0,0,0,0,0,0,0
